par,timeframe,variante,contexto,n_treino,taxa_treino,p_bin_treino,exp_r_treino,p_r_treino,n_teste,taxa_teste,p_bin_teste,exp_r_teste,p_r_teste,breakeven,candidata_binaria,candidata_tradicional,aprovada_binaria,aprovada_tradicional
EURUSD,H1,engolfo@reversao,todos,332,0.5120481927710844,0.8118912918987573,0.06626506024096386,0.20087199899582395,378,0.48148148148148145,0.9832363872522933,-0.013157894736842105,0.572056841415108,0.53475935828877,False,False,False,False
EURUSD,H1,engolfo@reversao,a_favor,169,0.5325443786982249,0.5542995118584586,0.10059171597633136,0.184235696835558,174,0.4425287356321839,0.9940000832924056,-0.04,0.6466972126671939,0.53475935828877,False,False,False,False
EURUSD,H1,engolfo@reversao,contra,163,0.49079754601226994,0.8855573500448191,0.03067484662576687,0.39219994826566723,204,0.5147058823529411,0.7406057141341493,0.00975609756097561,0.4608974248836453,0.53475935828877,False,False,False,False
EURUSD,H1,engolfo@rompimento,todos,315,0.45714285714285713,0.9975563993243114,-0.009523809523809525,0.547570004879233,379,0.49604221635883905,0.9407867112588735,0.017822916408291825,0.40356219103820556,0.53475935828877,False,False,False,False
EURUSD,H1,engolfo@rompimento,a_favor,153,0.39869281045751637,0.9997252806272422,-0.0392156862745098,0.6348687935081059,175,0.4685714285714286,0.9663089547898633,-0.04711494103575656,0.6720727958724242,0.53475935828877,False,False,False,False
EURUSD,H1,engolfo@rompimento,contra,162,0.5123456790123457,0.7426582836543918,0.018518518518518517,0.4344176999733961,204,0.5196078431372549,0.6932587835208278,0.07352941176470588,0.2335779677234343,0.53475935828877,False,False,False,False
EURUSD,H1,engolfo@livre,todos,1281,0.4808743169398907,0.9999496668006495,-0.06656346749226007,0.9573451687178364,1440,0.4930555555555556,0.9993014685993666,-0.02702702702702703,0.7674911129833075,0.53475935828877,False,False,False,False
EURUSD,H1,engolfo@livre,a_favor,636,0.49528301886792453,0.9790059568847878,-0.0390625,0.7595969441903072,710,0.4830985915492958,0.9973944624172676,0.0028089887640449437,0.47890302183048605,0.53475935828877,False,False,False,False
EURUSD,H1,engolfo@livre,contra,645,0.4666666666666667,0.9997685383005918,-0.09355828220858896,0.9582018008653416,730,0.5027397260273972,0.9616482671096026,-0.0560875512995896,0.8614744752052794,0.53475935828877,False,False,False,False
EURUSD,H1,pin_bar@rompimento,todos,155,0.49032258064516127,0.8828119315238724,-0.14838709677419354,0.9123087921918869,163,0.4539877300613497,0.9839581153529967,0.10909090909090909,0.16805810878189542,0.53475935828877,False,False,False,False
EURUSD,H1,pin_bar@livre,todos,634,0.5,0.9635114600022213,0.01567398119122257,0.3903003812279273,661,0.4977307110438729,0.9741596010562883,-0.07692307692307693,0.923320774201389,0.53475935828877,False,False,False,False
EURUSD,H1,pin_bar@livre,a_favor,316,0.5221518987341772,0.6937760903735721,0.10725552050473186,0.09439262472480361,335,0.5104477611940299,0.8281770738586385,-0.08035714285714286,0.8558010486055199,0.53475935828877,False,False,False,False
EURUSD,H1,pin_bar@livre,contra,315,0.4793650793650794,0.9785743478271732,-0.08490566037735849,0.8627025285619971,326,0.48466257668711654,0.9690449953655093,-0.07339449541284404,0.8301241220655308,0.53475935828877,False,False,False,False
EURUSD,H1,marubozu@livre,todos,443,0.46275395033860045,0.9989705777995435,-0.1101123595505618,0.9544401830836627,444,0.47072072072072074,0.9970114345732439,-0.11685393258426967,0.9637960561836316,0.53475935828877,False,False,False,False
EURUSD,H1,marubozu@livre,a_favor,223,0.4618834080717489,0.9876496798332931,-0.07174887892376682,0.7792029955808721,237,0.4641350210970464,0.9875188608406746,-0.004201680672268907,0.518240653667172,0.53475935828877,False,False,False,False
EURUSD,H1,marubozu@livre,contra,219,0.4611872146118721,0.9877011863485816,-0.1583710407239819,0.9586227875001297,207,0.4782608695652174,0.9552092531584518,-0.2463768115942029,0.9964341010373495,0.53475935828877,False,False,False,False
EURUSD,H1,harami@reversao,todos,191,0.5445026178010471,0.422412332242053,0.08376963350785341,0.21199228760552144,232,0.4827586206896552,0.9507478680583682,0.017921841325391947,0.4239010373564331,0.53475935828877,False,False,False,False
EURUSD,H1,harami@rompimento,todos,194,0.5,0.8514097916182994,-0.010309278350515464,0.5403853318804969,192,0.5052083333333334,0.8142146202257377,-0.0051813471502590676,0.5202442234729081,0.53475935828877,False,False,False,False
EURUSD,H1,harami@livre,todos,733,0.451568894952251,0.9999972642934737,-0.03804347826086957,0.7692036483252472,798,0.5050125313283208,0.9571870351580494,-0.05006257822277847,0.8444133537275256,0.53475935828877,False,False,False,False
EURUSD,H1,harami@livre,a_favor,315,0.4888888888888889,0.954205963844163,0.05714285714285714,0.24018677648365439,375,0.528,0.6236980721387639,-0.016,0.586884303511686,0.53475935828877,False,False,False,False
EURUSD,H1,harami@livre,contra,417,0.4244604316546763,0.9999974461273983,-0.10714285714285714,0.9447061876602397,423,0.4846335697399527,0.9827057113225112,-0.08018867924528301,0.8830923344971701,0.53475935828877,False,False,False,False
EURUSD,H1,estrela@livre,todos,258,0.46511627906976744,0.9893347817413789,-0.022988505747126436,0.6038761658162228,285,0.5157894736842106,0.7586682675957181,-0.031578947368421054,0.6476662235115469,0.53475935828877,False,False,False,False
EURUSD,H1,tres_velas@livre,todos,193,0.5077720207253886,0.7950984531247002,-0.03626943005181347,0.6399130863248503,241,0.44398340248962653,0.9980504273719303,-0.16597510373443983,0.9715358601246633,0.53475935828877,False,False,False,False
EURUSD,H1,pinca@livre,todos,625,0.4816,0.9965427367395234,-0.05388272583201268,0.8338394609211217,676,0.5369822485207101,0.46954344714887836,0.004424778761061947,0.4676060669227668,0.53475935828877,False,False,False,False
EURUSD,H1,pinca@livre,a_favor,313,0.5015974440894568,0.8910975138213046,0.02531645569620253,0.37619045561542336,326,0.5337423312883436,0.5372816890331901,0.02147239263803681,0.3927845179382272,0.53475935828877,False,False,False,False
EURUSD,H1,pinca@livre,contra,312,0.46153846153846156,0.9959281911692236,-0.13333333333333333,0.9583685260445771,350,0.54,0.44364705478382777,-0.011363636363636364,0.5599592273086595,0.53475935828877,False,False,False,False
EURUSD,H1,doji_alta@reversao,todos,162,0.5740740740740741,0.17771192972841926,0.19631901840490798,0.045426326252595815,207,0.5169082125603864,0.720892661233637,0.11961722488038277,0.11790537355234043,0.53475935828877,False,False,False,False
EURUSD,H1,doji_alta@rompimento,todos,185,0.4756756756756757,0.9538229853980238,-0.15675675675675677,0.9417126549635483,228,0.4956140350877193,0.8944979645402008,0.06578947368421052,0.24533347460063526,0.53475935828877,False,False,False,False
EURUSD,H1,doji_alta@livre,todos,774,0.4819121447028424,0.9985569976882871,-0.038461538461538464,0.7782724414010138,831,0.4981949458483754,0.9840575048712767,-0.030198976513623476,0.7326587659143099,0.53475935828877,False,False,False,False
EURUSD,H1,doji_alta@livre,a_favor,351,0.4985754985754986,0.9209817925503979,0.053824362606232294,0.24059485251824275,399,0.48872180451127817,0.9707455711317488,-0.0325,0.678171776242295,0.53475935828877,False,False,False,False
EURUSD,H1,doji_alta@livre,contra,420,0.46904761904761905,0.996974293298315,-0.10849056603773585,0.9478091870017176,432,0.5069444444444444,0.8862599713324584,-0.028073319713275646,0.6612082644562551,0.53475935828877,False,False,False,False
EURUSD,H1,doji_baixa@reversao,todos,185,0.5243243243243243,0.6404276834295795,-0.010810810810810811,0.5413500138448808,228,0.5043859649122807,0.8379098748907576,-0.02631578947368421,0.6110036538581491,0.53475935828877,False,False,False,False
EURUSD,H1,doji_baixa@rompimento,todos,162,0.42592592592592593,0.9978372193928647,-0.1165644171779141,0.8602279776126976,207,0.4830917874396135,0.9404549632602969,0.004784688995215311,0.480588041793766,0.53475935828877,False,False,False,False
EURUSD,H1,doji_baixa@livre,todos,774,0.5180878552971576,0.8329684169349072,-0.007692307692307693,0.5604296460590481,831,0.5018050541516246,0.9736671098271024,-0.022622151937757077,0.6787571245397267,0.53475935828877,False,False,False,False
EURUSD,H1,doji_baixa@livre,a_favor,420,0.530952380952381,0.5817525371240733,0.08254716981132075,0.11965313099894628,432,0.4930555555555556,0.9628159114057099,-0.034282338485338675,0.6944974933069212,0.53475935828877,False,False,False,False
EURUSD,H1,doji_baixa@livre,contra,351,0.5014245014245015,0.9040433557912351,-0.11614730878186968,0.94401302843303,399,0.5112781954887218,0.8390474861085979,-0.01,0.5562672575197061,0.53475935828877,False,False,False,False
EURUSD,H1,inside_bar_alta@reversao,todos,444,0.5202702702702703,0.7454422242548489,0.002242152466367713,0.48667484029509944,477,0.49056603773584906,0.9760853733133374,-0.0041753653444676405,0.5257471575059589,0.53475935828877,False,False,False,False
EURUSD,H1,inside_bar_alta@reversao,a_favor,234,0.5,0.871021301583254,0.02564102564102564,0.39176298207633337,229,0.44541484716157204,0.9972258434831905,-0.14847161572052403,0.9506004277675504,0.53475935828877,False,False,False,False
EURUSD,H1,inside_bar_alta@reversao,contra,210,0.5428571428571428,0.4346828682939295,-0.02358490566037736,0.5961591143953042,248,0.532258064516129,0.5572601040003864,0.128,0.08289124943390037,0.53475935828877,False,False,False,False
EURUSD,H1,inside_bar_alta@rompimento,todos,456,0.48026315789473684,0.9912728006507497,0.0457516339869281,0.24687275151421897,496,0.5080645161290323,0.8918633630634065,-0.034,0.7059121678599478,0.53475935828877,False,False,False,False
EURUSD,H1,inside_bar_alta@rompimento,a_favor,255,0.49019607843137253,0.9316626516944473,0.05058365758754864,0.2861012519130975,234,0.5,0.871021301583254,-0.03389830508474576,0.6444067591368763,0.53475935828877,False,False,False,False
EURUSD,H1,inside_bar_alta@rompimento,contra,201,0.46766169154228854,0.9758937608647084,0.039603960396039604,0.34725510141815663,262,0.5152671755725191,0.7565060774770718,-0.03409090909090909,0.6532061029345713,0.53475935828877,False,False,False,False
EURUSD,H1,inside_bar_alta@livre,todos,1824,0.506578947368421,0.9925387655162289,0.002183406113537118,0.47368142286283627,1869,0.48421615837346177,0.9999945296459294,-0.06230031948881789,0.973793125132061,0.53475935828877,False,False,False,False
EURUSD,H1,inside_bar_alta@livre,a_favor,889,0.5140607424071991,0.8980491368904783,0.1258426966292135,0.004975557177074366,857,0.47724620770128356,0.9996690108693587,-0.06488991888760139,0.9146407891828547,0.53475935828877,False,True,False,False
EURUSD,H1,inside_bar_alta@livre,contra,930,0.5021505376344086,0.9785544207432361,-0.10992529348986126,0.9928471166028404,1012,0.4901185770750988,0.9979801032453914,-0.060098522167487685,0.9153289746897635,0.53475935828877,False,False,False,False
EURUSD,H1,inside_bar_baixa@reversao,todos,456,0.5197368421052632,0.7550883010639952,-0.0196078431372549,0.6171627485737882,496,0.49193548387096775,0.9747136661370073,0.026,0.34168428590405453,0.53475935828877,False,False,False,False
EURUSD,H1,inside_bar_baixa@reversao,a_favor,201,0.5323383084577115,0.5560940632236879,-0.0049504950495049506,0.5197907753195083,262,0.4847328244274809,0.9538811370800638,0.03409090909090909,0.34925616277031685,0.53475935828877,False,False,False,False
EURUSD,H1,inside_bar_baixa@reversao,contra,255,0.5098039215686274,0.8056628540749222,-0.0311284046692607,0.6385733388353046,234,0.5,0.871021301583254,0.01694915254237288,0.4274920529076411,0.53475935828877,False,False,False,False
EURUSD,H1,inside_bar_baixa@rompimento,todos,444,0.4797297297297297,0.9910881187023471,0.01569506726457399,0.4078506744741902,477,0.5094339622641509,0.875857619355904,0.08350730688935282,0.10289013599623466,0.53475935828877,False,False,False,False
EURUSD,H1,inside_bar_baixa@rompimento,a_favor,210,0.45714285714285713,0.9898614725553947,-0.02358490566037736,0.5961591143953042,248,0.46774193548387094,0.9852514872963908,-0.052,0.7215730549842954,0.53475935828877,False,False,False,False
EURUSD,H1,inside_bar_baixa@rompimento,contra,234,0.5,0.871021301583254,0.05128205128205128,0.2924848465966495,229,0.5545851528384279,0.2966668205490338,0.2314410480349345,0.009358798518984201,0.53475935828877,False,False,False,False
EURUSD,H1,inside_bar_baixa@livre,todos,1824,0.4934210526315789,0.9998135600499485,-0.02074235807860262,0.7359256308442609,1869,0.5157838416265382,0.9522467675608381,-0.03035143769968051,0.8256042901999354,0.53475935828877,False,False,False,False
EURUSD,H1,inside_bar_baixa@livre,a_favor,930,0.4978494623655914,0.988907288156923,0.04055496264674493,0.19255513286990045,1012,0.5098814229249012,0.947084357820795,-0.04827586206896552,0.8644276075093326,0.53475935828877,False,False,False,False
EURUSD,H1,inside_bar_baixa@livre,contra,889,0.4859392575928009,0.9984011684519067,-0.09325842696629214,0.9780700526987456,857,0.5227537922987164,0.7701043178272333,-0.009269988412514484,0.576459296782595,0.53475935828877,False,False,False,False
EURUSD,H1,rompimento@reversao,todos,422,0.45260663507109006,0.9996952849203844,-0.011764705882352941,0.5681650645944293,490,0.47959183673469385,0.993618716933703,-0.0872210953346856,0.9191736318938969,0.53475935828877,False,False,False,False
EURUSD,H1,rompimento@reversao,a_favor,306,0.45098039215686275,0.9986115342890401,-0.05519480519480519,0.7559016463399701,349,0.48424068767908307,0.9740286168933918,-0.019886363636363636,0.6043379987013116,0.53475935828877,False,False,False,False
EURUSD,H1,rompimento@rompimento,todos,401,0.44389027431421446,0.9998892939938145,-0.04987531172069826,0.7624135444503937,523,0.4646271510516252,0.9994322085453611,-0.07648183556405354,0.8962163453708094,0.53475935828877,False,False,False,False
EURUSD,H1,rompimento@rompimento,a_favor,278,0.4352517985611511,0.9996408175663876,0.0035971223021582736,0.48314691310715296,372,0.4543010752688172,0.9992076160268992,-0.10483870967741936,0.9289470521683922,0.53475935828877,False,False,False,False
EURUSD,H1,rompimento@livre,todos,1569,0.4805608667941364,0.9999923068671386,-0.033672172808132145,0.8295427776612136,1749,0.4722698684962836,0.9999999261032639,-0.04218928164196123,0.8966224188154944,0.53475935828877,False,False,False,False
EURUSD,H1,rompimento@livre,a_favor,1141,0.48115687992988604,0.9998711623283053,-0.02972027972027972,0.7629293760552306,1290,0.475968992248062,0.9999895426322181,-0.03554868624420402,0.819111905689866,0.53475935828877,False,False,False,False
EURUSD,H1,rompimento@livre,contra,426,0.4765258215962441,0.9929559921466342,-0.04672897196261682,0.755121275954128,459,0.46187363834422657,0.9992451483670897,-0.06086956521739131,0.8254734285667916,0.53475935828877,False,False,False,False
EURUSD,H1,cruzamento_emas@reversao,todos,150,0.47333333333333333,0.9439219988537964,0.0,0.5,214,0.49065420560747663,0.9132683969722105,-0.09302325581395349,0.83778597239261,0.53475935828877,False,False,False,False
EURUSD,H1,cruzamento_emas@rompimento,todos,156,0.4358974358974359,0.9946613805070528,-0.15384615384615385,0.9210171690360937,189,0.5079365079365079,0.7917952961396053,-0.010471204188481676,0.5406993520575556,0.53475935828877,False,False,False,False
EURUSD,H1,cruzamento_emas@livre,todos,608,0.5115131578947368,0.8828796652932136,-0.024630541871921183,0.667119396433311,689,0.49782293178519593,0.9761529295492629,-0.05079825834542816,0.8300428496164977,0.53475935828877,False,False,False,False
EURUSD,H1,cruzamento_emas@livre,a_favor,213,0.568075117370892,0.18252673837533762,0.09345794392523364,0.1729479360902011,250,0.516,0.7449785157372962,-0.004,0.517799595339075,0.53475935828877,False,False,False,False
EURUSD,H1,cruzamento_emas@livre,contra,393,0.48091603053435117,0.9856604904507392,-0.0916030534351145,0.9054876208167716,439,0.4874715261958998,0.9789216549862556,-0.0774487471526196,0.8788466296327122,0.53475935828877,False,False,False,False
EURUSD,H1,rsi_extremo@livre,todos,455,0.4901098901098901,0.9746710800026158,-0.10262008733624454,0.9445285097602254,473,0.5200845665961945,0.7537863193858213,-0.08421052631578947,0.9074343121998126,0.53475935828877,False,False,False,False
EURUSD,H1,rsi_extremo@livre,contra,443,0.48758465011286684,0.9791250457535108,-0.11210762331838565,0.9575637077262431,454,0.5110132158590308,0.8557277750686371,-0.09210526315789473,0.9226571732587898,0.53475935828877,False,False,False,False
EURUSD,H1,divergencia_rsi@livre,todos,351,0.5413105413105413,0.42413644260050626,-0.07692307692307693,0.8503201068192847,346,0.5115606936416185,0.821000715299546,0.10115606936416185,0.09734251206890027,0.53475935828877,False,False,False,False
EURUSD,H1,divergencia_rsi@livre,contra,291,0.5154639175257731,0.7640007728333557,-0.15463917525773196,0.9740042731996177,276,0.5144927536231884,0.7691048345784296,0.14130434782608695,0.05439766889269667,0.53475935828877,False,False,False,False
EURUSD,H1,engolfo+marubozu,todos,257,0.4163424124513619,0.9999446353409674,-0.11627906976744186,0.9129761876941487,260,0.5192307692307693,0.7139714369518788,-0.022988505747126436,0.6038761658162228,0.53475935828877,False,False,False,False
EURUSD,H1,engolfo+pinca,todos,237,0.48945147679324896,0.9281813925905569,-0.13389121338912133,0.9350036998897903,262,0.5381679389312977,0.4811636978135487,0.09923664122137404,0.13419738332614975,0.53475935828877,False,False,False,False
EURUSD,H1,engolfo+rompimento,todos,372,0.4731182795698925,0.9924979910857659,0.00267379679144385,0.48545543171898714,439,0.5011389521640092,0.9277414453728404,0.03189066059225513,0.31988804429335316,0.53475935828877,False,False,False,False
EURUSD,H1,engolfo+rompimento,a_favor,268,0.48134328358208955,0.9650408985893341,0.007462686567164179,0.46573911029377507,286,0.486013986013986,0.9563956171987529,0.05944055944055944,0.24229663018656641,0.53475935828877,False,False,False,False
EURUSD,H1,engolfo+rsi_extremo,todos,192,0.5208333333333334,0.6773771109484217,-0.02072538860103627,0.5807733792424554,182,0.510989010989011,0.7635899313547934,-0.01098901098901099,0.5416872696794232,0.53475935828877,False,False,False,False
EURUSD,H1,engolfo+rsi_extremo,contra,187,0.5187165775401069,0.6964499255028154,-0.0425531914893617,0.6610969339473021,178,0.5056179775280899,0.8037172193852502,-0.02247191011235955,0.5840691525056094,0.53475935828877,False,False,False,False
EURUSD,H1,marubozu+rompimento,todos,178,0.4157303370786517,0.9994367867988472,-0.061452513966480445,0.7218410742393271,214,0.4953271028037383,0.889610342820834,-0.07476635514018691,0.7840862776086657,0.53475935828877,False,False,False,False
EURUSD,H1,tres_velas+rompimento,todos,236,0.4915254237288136,0.9186208161414098,-0.03389830508474576,0.6444067591368763,297,0.4511784511784512,0.9983693793067538,-0.15151515151515152,0.972677516717766,0.53475935828877,False,False,False,False
EURUSD,H1,tres_velas+rompimento,a_favor,168,0.4583333333333333,0.9803405812459108,-0.08928571428571429,0.7979569935266443,223,0.47533632286995514,0.967416024384354,-0.16591928251121077,0.9663953599230632,0.53475935828877,False,False,False,False
EURUSD,H1,rompimento+cruzamento_emas,todos,469,0.5053304904051172,0.9071486036805267,0.059574468085106386,0.18435173489840867,539,0.45083487940630795,0.9999598994500188,-0.09778597785977859,0.9505704467617951,0.53475935828877,False,False,False,False
EURUSD,H1,rompimento+cruzamento_emas,a_favor,154,0.564935064935065,0.2518308012319518,0.3246753246753247,0.003903884622694576,188,0.4627659574468085,0.9797998407929892,-0.06842105263157895,0.7505818719766484,0.53475935828877,False,True,False,False
EURUSD,H1,rompimento+cruzamento_emas,contra,315,0.47619047619047616,0.9837359845100982,-0.06962025316455696,0.8130512866250843,351,0.4444444444444444,0.9997104731093605,-0.11363636363636363,0.9396272774607055,0.53475935828877,False,False,False,False
