par,timeframe,padrao,direcao,sessao,contexto,ocorrencias,taxa_acerto,ic_inf,ic_sup,breakeven,p_binaria,expectativa_r,r_ic_inf,r_ic_sup,p_tradicional,aprovado_binaria,aprovado_tradicional,margem_breakeven,borda_binaria,borda_tradicional
EURUSD,M5,divergencia_rsi,baixa,ny,contra,735,0.5238095238095238,0.4876733300358891,0.5596981318415555,0.53475935828877,0.7365045490031267,0.13456148904320375,0.031593122797636326,0.23911912979387395,0.005842427654771027,False,False,-0.010949834479246134,False,False
EURUSD,M5,piercing_nuvem,alta,londres,a_favor,228,0.5482456140350878,0.4833805829431775,0.6115118496351336,0.53475935828877,0.3667765406748639,0.09913793103448276,-0.08189655172413793,0.2801724137931034,0.14915241179982086,False,False,0.013486255746317788,False,False
EURUSD,M5,harami,baixa,ny,contra,1341,0.5093214019388516,0.4825765705944137,0.5360129812341882,0.53475935828877,0.9708620463752421,0.0841154769476809,0.004132562787415795,0.1614361723808568,0.015742543580871522,False,False,-0.02543795634991841,False,False
EURUSD,M5,doji,baixa,ny,contra,2774,0.517664023071377,0.49905754842543915,0.5362216427929123,0.53475935828877,0.9658697750346633,0.07541939040820783,0.023701024188372017,0.128693581276869,0.0026808163481631415,False,False,-0.017095335217392926,False,False
EURUSD,M5,divergencia_rsi,alta,pos_ny,contra,262,0.5076335877862596,0.44742571943456033,0.5676208425943441,0.53475935828877,0.8269874857025001,0.07142857142857142,-0.09774436090225563,0.24060150375939848,0.20964883480832305,False,False,-0.027125770502510416,False,False
EURUSD,M5,estrela,alta,londres_ny,contra,689,0.5457184325108854,0.5083893476183707,0.5825405457907711,0.53475935828877,0.2953383021261047,0.06514799612952334,-0.042921168135606355,0.17584706648951387,0.11602419073170415,False,False,0.010959074222115395,False,False
EURUSD,M5,rsi_extremo,alta,pos_ny,contra,338,0.5295857988165681,0.4763415100732791,0.5821651440610593,0.53475935828877,0.5972933421261641,0.06140350877192982,-0.09649122807017543,0.20175438596491227,0.21490081977665634,False,False,-0.005173559472201883,False,False
EURUSD,M5,piercing_nuvem,baixa,londres,contra,258,0.5116279069767442,0.450911637515266,0.572002991921277,0.53475935828877,0.7903733572066687,0.060836501901140684,-0.09885931558935361,0.23193916349809887,0.24648114900625334,False,False,-0.023131451312025764,False,False
EURUSD,M5,harami,alta,pos_ny,contra,643,0.5629860031104199,0.5243852751948972,0.600838609105403,0.53475935828877,0.08128258988946867,0.05343511450381679,-0.05648854961832061,0.16793893129770993,0.17014644228960588,False,False,0.028226644821649938,False,False
EURUSD,M5,inside_bar,baixa,ny,contra,5947,0.5126954767109467,0.4999877131449172,0.5253868496030417,0.53475935828877,0.9996886542654442,0.049467466676498005,0.013617374094485015,0.08424357950898144,0.0035384802756485874,False,False,-0.02206388157782324,False,False
EURUSD,M5,doji,baixa,londres,a_favor,3025,0.503801652892562,0.48599079364882014,0.5216028689157945,0.53475935828877,0.9996963226828803,0.03831041257367387,-0.01279469548133591,0.09037328094302555,0.06906144898179957,False,False,-0.030957705396208013,False,False
EURUSD,M5,pinca,alta,pos_ny,contra,518,0.5656370656370656,0.5226232264639773,0.6076845496825801,0.53475935828877,0.08597404967005548,0.036053130929791274,-0.08349146110056926,0.16129032258064516,0.28119306518364867,False,False,0.030877707348295647,False,False
EURUSD,M5,pinca,alta,londres,a_favor,1557,0.51252408477842,0.4876960550850432,0.5372904672677566,0.53475935828877,0.9627346653900256,0.033693579148124604,-0.036919898283534563,0.10430705657978359,0.17444440859356553,False,False,-0.02223527351034993,False,False
EURUSD,M5,piercing_nuvem,alta,londres_ny,contra,256,0.5625,0.5012513172897817,0.6219007006569843,0.53475935828877,0.2042160625160044,0.032934414993532134,-0.13806262752270787,0.2073530196446949,0.3549275855936873,False,False,0.02774064171123003,False,False
EURUSD,M5,marubozu,baixa,londres,a_favor,1856,0.46120689655172414,0.4386316217011578,0.48394242388909975,0.53475935828877,0.9999999999030615,0.023529411764705882,-0.0374331550802139,0.0877005347593583,0.2372910235269799,False,False,-0.07355246173704583,False,False
EURUSD,M5,harami,baixa,londres,contra,2085,0.5045563549160671,0.4831068610984365,0.5259890901140248,0.53475935828877,0.9973170712022513,0.02237029985721085,-0.0376011423131842,0.0823417420276059,0.23551041320740143,False,False,-0.030203003372702875,False,False
EURUSD,M5,inside_bar,baixa,londres,a_favor,6982,0.4994270982526497,0.487702532173384,0.5111522944001708,0.53475935828877,0.9999999984276996,0.019566142067205444,-0.013621863037005511,0.05359421522756274,0.12379721078284994,False,False,-0.03533226003612028,False,False
EURUSD,M5,harami,baixa,ny,a_favor,1289,0.5128006206361521,0.4855165380325037,0.540008633499435,0.53475935828877,0.9460428490160663,0.018387369151338793,-0.05521172801410251,0.09560642245144305,0.3196615131517439,False,False,-0.02195873765261791,False,False
EURUSD,M5,harami,baixa,londres,a_favor,1795,0.4796657381615599,0.4566224030010929,0.5027959216978173,0.53475935828877,0.9999986759811468,0.01765030336458908,-0.04522890237175951,0.08222559293987843,0.29844095846219393,False,False,-0.055093620127210086,False,False
EURUSD,M5,doji,baixa,londres_ny,a_favor,2481,0.5054413542926239,0.48577477276049996,0.5250911116218437,0.53475935828877,0.9983853791807581,0.017589320803489693,-0.03506993742145382,0.07320481278250934,0.26758895684048156,False,False,-0.029318003996146036,False,False
EURUSD,M5,pinca,baixa,ny,a_favor,1354,0.5,0.4734053938569014,0.5265946061430986,0.53475935828877,0.995184721887149,0.01563320714281059,-0.061852335408815524,0.09158462054907981,0.34106932829056047,False,False,-0.03475935828876997,False,False
EURUSD,M5,rsi_extremo,baixa,ny,contra,1017,0.5152409046214356,0.4845259739398038,0.5458411312871059,0.53475935828877,0.8995446433215931,0.01555419446889648,-0.07411086487960158,0.09535188918959162,0.36225517543488456,False,False,-0.0195184536673344,False,False
EURUSD,M5,pinca,baixa,asia,contra,2066,0.5256534365924492,0.5040939517975457,0.5471176999684763,0.53475935828877,0.8028875303347573,0.015165876777251185,-0.04739336492890995,0.07488151658767772,0.3118611737036747,False,False,-0.00910592169632074,False,False
EURUSD,M5,piercing_nuvem,baixa,londres_ny,a_favor,248,0.5040322580645161,0.44222023841827296,0.5657212657699788,0.53475935828877,0.8493637063057969,0.012643829594208617,-0.161520647670888,0.186965973195348,0.44399568445206355,False,False,-0.030727100224253845,False,False
EURUSD,M5,pinca,baixa,ny,contra,1350,0.4918518518518519,0.4652446338006816,0.5185053098454794,0.53475935828877,0.9992737168564678,0.012232085084876209,-0.06102228803741875,0.088207568040016,0.3748814576900676,False,False,-0.0429075064369181,False,False
EURUSD,M5,doji,baixa,ny,a_favor,2986,0.5053583389149364,0.48743017093580526,0.523272737710268,0.53475935828877,0.9993942625054285,0.006844142705362119,-0.04199737404319193,0.05822061959432256,0.3950041672457677,False,False,-0.029401019373833548,False,False
EURUSD,M5,tres_velas,baixa,asia,contra,730,0.5095890410958904,0.4733697610704354,0.5457079291196206,0.53475935828877,0.9192222110237185,0.006765899864682003,-0.09066305818673884,0.10835588633288172,0.4483994370375576,False,False,-0.025170317192879543,False,False
EURUSD,M5,marubozu,baixa,londres,contra,1703,0.49735760422783326,0.4736435093272035,0.5210835932086005,0.53475935828877,0.9990807603955737,0.0058309037900874635,-0.060641399416909623,0.07584548104956244,0.432338061524165,False,False,-0.03740175406093671,False,False
EURUSD,M5,pin_bar,baixa,londres,contra,1758,0.5199089874857793,0.496536860220295,0.5431942970013403,0.53475935828877,0.8983012838741009,0.0039303761931499155,-0.058394160583941604,0.06962380685008422,0.4533812427357395,False,False,-0.014850370802990676,False,False
EURUSD,M5,tres_velas,alta,londres,contra,441,0.4852607709750567,0.4389441912767256,0.5318319139126066,0.53475935828877,0.9833825153252236,0.002257336343115124,-0.12641083521444696,0.13769751693002258,0.4866300174330453,False,False,-0.04949858731371326,False,False
EURUSD,M5,estrela,baixa,ny,contra,447,0.5100671140939598,0.4638369493517397,0.5561257222790862,0.53475935828877,0.8629954390405046,0.001649373600060722,-0.12691466083150985,0.1395049534687697,0.49006302715191763,False,False,-0.024692244194810198,False,False
EURUSD,M5,harami,baixa,asia,contra,3061,0.519438092126756,0.501725429746304,0.537102027268647,0.53475935828877,0.9569959787470115,0.00032,-0.0496,0.05024,0.4949554840986436,False,False,-0.015321266162014013,False,False
EURUSD,M5,piercing_nuvem,alta,asia,a_favor,344,0.48255813953488375,0.43023786947329534,0.5352636551561026,0.53475935828877,0.976860297707198,0.0,-0.14655172413793102,0.15517241379310345,0.5,False,False,-0.052201218753886225,False,False
EURUSD,M5,piercing_nuvem,baixa,asia,a_favor,290,0.4827586206896552,0.42584844869769856,0.5401195939327251,0.53475935828877,0.9665443577106071,0.0,-0.16494845360824742,0.16494845360824742,0.5,False,False,-0.05200073759911478,False,False
EURUSD,M5,tres_velas,baixa,londres_ny,a_favor,565,0.4654867256637168,0.42472843243816927,0.5067111639638692,0.53475935828877,0.9995787347602157,-0.0005288589427443051,-0.11578947368421053,0.11473175579872191,0.5035588277565657,False,False,-0.06927263262505318,False,False
EURUSD,M5,pin_bar,baixa,londres,a_favor,1669,0.49011384062312763,0.46618100152500364,0.5140920842321702,0.53475935828877,0.9998817309296621,-0.0011890606420927466,-0.07079369797859683,0.06837098692033294,0.5137518624993926,False,False,-0.04464551766564234,False,False
EURUSD,M5,inside_bar,alta,pos_ny,contra,2896,0.5390193370165746,0.5208247665319714,0.5571105286244435,0.53475935828877,0.32974272055861586,-0.003372681281618887,-0.05699831365935919,0.047217537942664416,0.5516915154888682,False,False,0.004259978727804592,False,False
EURUSD,M5,inside_bar,baixa,ny,a_favor,6045,0.5100082712985938,0.49740410601711305,0.5225997246046254,0.53475935828877,0.9999450389565729,-0.004888150209278469,-0.04004387855029592,0.029890815542509296,0.6070090422959566,False,False,-0.02475108699017614,False,False
EURUSD,M5,pinca,alta,londres_ny,contra,1308,0.5129969418960245,0.4859111371523227,0.5400066288790734,0.53475935828877,0.9457328976964114,-0.00642504638699382,-0.08393775970885377,0.06676492619986647,0.5657838359287602,False,False,-0.021762416392745454,False,False
EURUSD,M5,tres_velas,baixa,asia,a_favor,1064,0.48214285714285715,0.452236971580312,0.5121772214760557,0.53475935828877,0.9997366559740368,-0.0074142724745134385,-0.08804448563484708,0.07599629286376275,0.5684438364900553,False,False,-0.05261650114591282,False,False
EURUSD,M5,pinca,baixa,londres,contra,1566,0.524904214559387,0.500140134495923,0.5495464115955503,0.53475935828877,0.7902826425510598,-0.007590132827324478,-0.07210626185958255,0.06261859582542695,0.5846130397537945,False,False,-0.009855143729383009,False,False
EURUSD,M5,engolfo,baixa,londres,contra,3328,0.5021033653846154,0.4851235046514352,0.5190783759521381,0.53475935828877,0.9999247294213335,-0.00864123957091776,-0.054231227651966626,0.03873659117997616,0.6385799975356714,False,False,-0.03265599290415455,False,False
EURUSD,M5,pin_bar,alta,londres,contra,2005,0.5167082294264339,0.49482367884616935,0.5385288785225603,0.53475935828877,0.9497156617470993,-0.009391992090954029,-0.0731586752347998,0.05589471082550647,0.6176443750944547,False,False,-0.018051128862336063,False,False
EURUSD,M5,doji,baixa,asia,a_favor,4073,0.4954578934446354,0.4801146507450989,0.5108096958664313,0.53475935828877,0.9999997647405173,-0.009870004814636495,-0.05320173326913818,0.03346172363986519,0.6739529292056562,False,False,-0.03930146484413455,False,False
EURUSD,M5,inside_bar,baixa,londres,contra,7050,0.4973049645390071,0.4856383644640209,0.5089744999982951,0.53475935828877,0.9999999998595949,-0.01053518752633797,-0.042562157606405394,0.022334597555836493,0.7357017729590821,False,False,-0.03745439374976289,False,False
EURUSD,M5,engolfo,alta,londres_ny,a_favor,2554,0.48355520751761943,0.46421360661912303,0.5029462031844413,0.53475935828877,0.9999999004964322,-0.010940551766900062,-0.0649594711581912,0.0461460725174586,0.6532347969020373,False,False,-0.051204150771150536,False,False
EURUSD,M5,divergencia_rsi,alta,asia,contra,1235,0.4898785425101215,0.46207298679678277,0.5177468684219807,0.53475935828877,0.9992800974502859,-0.011146496815286623,-0.09002786624203811,0.07006369426751592,0.6102417358668342,False,False,-0.0448808157786485,False,False
EURUSD,M5,inside_bar,baixa,londres_ny,a_favor,6019,0.49393586974580495,0.481313165626118,0.506566309452362,0.53475935828877,0.9999999998953224,-0.01244948392152835,-0.04678888510941981,0.025107904813336187,0.7544647014677612,False,False,-0.040823488542965025,False,False
EURUSD,M5,tres_velas,baixa,londres_ny,contra,317,0.49842271293375395,0.44373109346049766,0.5531521023594077,0.53475935828877,0.9119028620946,-0.013039409786316302,-0.16257212006669014,0.14018691588785046,0.565838885183692,False,False,-0.03633664535501602,False,False
EURUSD,M5,harami,baixa,londres_ny,a_favor,1480,0.5202702702702703,0.4947982299361508,0.5456373567926943,0.53475935828877,0.8735653856670178,-0.013274038697805737,-0.07836063435500658,0.05716689371546721,0.6420525776302022,False,False,-0.014489088018499685,False,False
EURUSD,M5,doji,baixa,londres,contra,2957,0.5049036185322963,0.4868882539394506,0.5229062590067274,0.53475935828877,0.9994624008791881,-0.013753773901375378,-0.062084870848708444,0.03656491110365649,0.7028813542542731,False,False,-0.02985573975647371,False,False
EURUSD,M5,pin_bar,alta,pos_ny,contra,782,0.5332480818414322,0.49820422336580383,0.5679668845801119,0.53475935828877,0.5483055323426008,-0.013801756587202008,-0.11166875784190715,0.07663111668757791,0.6088100841100706,False,False,-0.0015112764473377283,False,False
EURUSD,M5,estrela,baixa,ny,a_favor,492,0.49390243902439024,0.44994340173967334,0.5379559562239178,0.53475935828877,0.968577750462185,-0.013988304020027075,-0.14109732968498825,0.10889134033306977,0.5880607096849326,False,False,-0.04085691926437973,False,False
EURUSD,M5,pin_bar,baixa,ny,a_favor,1394,0.4935437589670014,0.4673523460778954,0.5197706571164827,0.53475935828877,0.9990588896246573,-0.015215633079202423,-0.08762444869515568,0.0600051942074662,0.6580594953516619,False,False,-0.04121559932176855,False,False
EURUSD,M5,pin_bar,baixa,ny,contra,1495,0.5030100334448161,0.4776899729509112,0.5283146647958199,0.53475935828877,0.993516611134228,-0.015510068945261685,-0.08303084410370092,0.0553434735728111,0.6659844685186709,False,False,-0.031749324843953874,False,False
EURUSD,M5,engolfo,baixa,ny,contra,2267,0.4869872077635642,0.46645136541137716,0.5075670761795914,0.53475935828877,0.9999976174607529,-0.0158750028949608,-0.07094094563295565,0.04127183555258867,0.7063972577335949,False,False,-0.04777215052520578,False,False
EURUSD,M5,inside_bar,baixa,londres_ny,contra,5796,0.5034506556245687,0.4905807065219853,0.5163160337223823,0.53475935828877,0.9999991523064206,-0.01624415062819564,-0.0528720393073717,0.01957638891441296,0.8111440694067642,False,False,-0.03130870266420127,False,False
EURUSD,M5,tres_velas,baixa,ny,a_favor,297,0.5185185185185185,0.4618202199338887,0.574743889424975,0.53475935828877,0.7323804511922866,-0.016310578777699695,-0.17185532437296622,0.15312463716914418,0.5795498725515684,False,False,-0.01624083977025148,False,False
EURUSD,M5,tres_velas,alta,londres_ny,contra,341,0.44574780058651026,0.3938876643956105,0.4988166521719668,0.53475935828877,0.9995888680054842,-0.017335264402318532,-0.1661001335211234,0.12829169190451992,0.5901236334853406,False,False,-0.08901155770225971,False,False
EURUSD,M5,rsi_extremo,baixa,londres,contra,1725,0.5159420289855072,0.4923495975076087,0.5394636145827107,0.53475935828877,0.9441135112429442,-0.018900343642611683,-0.08419243986254296,0.04639175257731959,0.7125610586144093,False,False,-0.018817329303262742,False,False
EURUSD,M5,divergencia_rsi,baixa,asia,a_favor,250,0.472,0.4110100538102362,0.5338374109615085,0.53475935828877,0.9798335381799033,-0.01968503937007874,-0.18503937007874016,0.15748031496062992,0.5879562503568074,False,False,-0.06275935828877,False,False
EURUSD,M5,cruzamento_emas,alta,londres_ny,contra,1530,0.5111111111111111,0.486067110871462,0.5360994564777745,0.53475935828877,0.969869852656183,-0.020008575941033117,-0.08925453981407024,0.05155449211773866,0.7117822139258012,False,False,-0.0236482471776589,False,False
EURUSD,M5,piercing_nuvem,baixa,asia,contra,391,0.5294117647058824,0.47989203840139927,0.5783591899997317,0.53475935828877,0.6040074775864224,-0.020100502512562814,-0.14824120603015076,0.10804020100502512,0.6119730826787153,False,False,-0.005347593582887611,False,False
EURUSD,M5,pinca,baixa,londres_ny,a_favor,1296,0.4853395061728395,0.45821301727279595,0.5125526482303829,0.53475935828877,0.9998345230993573,-0.020720569331886523,-0.09692002945217297,0.053290882226975166,0.7032949918293603,False,False,-0.049419852115930474,False,False
EURUSD,M5,cruzamento_emas,baixa,londres_ny,a_favor,798,0.5100250626566416,0.47537617029614926,0.5445778989578052,0.53475935828877,0.9244412764042792,-0.02082911893008389,-0.11455056093193453,0.07693152172715081,0.6629388594741066,False,False,-0.024734295632128367,False,False
EURUSD,M5,inside_bar,alta,londres,a_favor,7050,0.5026950354609929,0.49102550000170475,0.514361635535979,0.53475935828877,0.9999999673265161,-0.021913190054782976,-0.05395069532237672,0.010556257901390531,0.9056673319853179,False,False,-0.03206432282777705,False,False
EURUSD,M5,pinca,baixa,asia,a_favor,1891,0.48915917503966155,0.4666735233083495,0.511688782514578,0.53475935828877,0.9999674098719589,-0.022821576763485476,-0.08506224066390042,0.040975103734439834,0.7618974963699139,False,False,-0.04560018324910842,False,False
EURUSD,M5,engolfo,baixa,londres,a_favor,3583,0.4814401339659503,0.465108311063036,0.497811711601214,0.53475935828877,0.9999999999252315,-0.02302357836338419,-0.06712898751733704,0.022766990291262022,0.8372018181041334,False,False,-0.05331922432281966,False,False
EURUSD,M5,doji,baixa,londres_ny,contra,2366,0.4978867286559594,0.477759653566328,0.5180206548746525,0.53475935828877,0.9998481795346653,-0.023078125117324218,-0.08059485942005712,0.031528838718323855,0.789400765693256,False,False,-0.03687262963281057,False,False
EURUSD,M5,tres_velas,baixa,londres,a_favor,757,0.4425363276089828,0.4075326586456433,0.4781202602491153,0.53475935828877,0.999999844347668,-0.023622047244094488,-0.11811023622047244,0.07874015748031496,0.6784637687532649,False,False,-0.09222303067978715,False,False
EURUSD,M5,inside_bar,baixa,asia,contra,9985,0.5211817726589885,0.5113771337871535,0.5309701195698879,0.53475935828877,0.9968211707602862,-0.024121295658166782,-0.050113222408191396,0.0030520823077680418,0.9581339656515139,False,False,-0.013577585629781508,False,False
EURUSD,M5,estrela,alta,londres,contra,836,0.4988038277511962,0.46499361298430886,0.5326249851701472,0.53475935828877,0.982864328473483,-0.024822695035460994,-0.11702127659574468,0.07092198581560284,0.6961327161928176,False,False,-0.03595553053757378,False,False
EURUSD,M5,inside_bar,alta,asia,contra,8953,0.5166983134144979,0.506342150753287,0.5270401527489754,0.53475935828877,0.9997031342482277,-0.025725593667546173,-0.056076846965699194,0.002638522427440633,0.9596096203118489,False,False,-0.01806104487427207,False,False
EURUSD,M5,estrela,baixa,londres,a_favor,759,0.48484848484848486,0.44945957953735793,0.5203899878477753,0.53475935828877,0.9973605490569093,-0.027450980392156862,-0.12156862745098039,0.0784313725490196,0.7054427551768954,False,False,-0.04991087344028511,False,False
EURUSD,M5,marubozu,baixa,ny,contra,1721,0.484601975595584,0.46105115815110015,0.5082213800703332,0.53475935828877,0.9999860462761877,-0.03049394772666363,-0.09537020497173876,0.03812795863958724,0.8189668202720692,False,False,-0.05015738269318598,False,False
EURUSD,M5,divergencia_rsi,baixa,asia,contra,1436,0.5174094707520891,0.491552426258729,0.5431736192330797,0.53475935828877,0.9105492471789393,-0.030800821355236138,-0.1026694045174538,0.04106776180698152,0.79916230793075,False,False,-0.017349887536680875,False,False
EURUSD,M5,estrela,alta,londres_ny,a_favor,564,0.5159574468085106,0.4747454312283926,0.5569535574952958,0.53475935828877,0.8257544010549912,-0.030898250221733335,-0.14075373337376343,0.09006834300374691,0.7008065810487676,False,False,-0.018801911480259337,False,False
EURUSD,M5,doji,baixa,asia,contra,4504,0.5004440497335702,0.4858476796343582,0.5150396630187808,0.53475935828877,0.9999981425043811,-0.031019522776572668,-0.07006507592190889,0.00869305856832963,0.9333072818367782,False,False,-0.03431530855519982,False,False
EURUSD,M5,marubozu,alta,londres_ny,a_favor,1303,0.48810437452033767,0.4610384201050545,0.5152402632878227,0.53475935828877,0.9996626552482268,-0.031543193899967785,-0.10730375034049237,0.04023846924107923,0.7928364127365166,False,False,-0.0466549837684323,False,False
EURUSD,M5,engolfo,alta,londres,a_favor,3364,0.4892984542211653,0.47242792223789515,0.506193399198889,0.53475935828877,0.9999999409003235,-0.033196239717978845,-0.0799059929494712,0.01527614571092832,0.9163481104865745,False,False,-0.04546090406760467,False,False
EURUSD,M5,pinca,alta,londres_ny,a_favor,1267,0.49171270718232046,0.4642516701445155,0.5192238453462308,0.53475935828877,0.9990200048738889,-0.03439030035168011,-0.10837144695212914,0.04766632406803915,0.8096915134538217,False,False,-0.04304665110644951,False,False
EURUSD,M5,inside_bar,alta,londres_ny,a_favor,5796,0.49654934437543136,0.4836839662776178,0.5094192934780147,0.53475935828877,0.9999999973573909,-0.0344376291637513,-0.0691881256599429,0.00185458905003467,0.9700066084147176,False,False,-0.038210013913338614,False,False
EURUSD,M5,harami,alta,londres_ny,a_favor,1430,0.5167832167832168,0.49087260287643547,0.5426039015897413,0.53475935828877,0.9175621669574746,-0.03477022334190165,-0.10798739886283375,0.03884908459921205,0.8270382877570426,False,False,-0.017976141505553156,False,False
EURUSD,M5,doji,alta,londres_ny,contra,2481,0.49455864570737607,0.47490888837815626,0.5142252272395,0.53475935828877,0.999972059760094,-0.03531942124426301,-0.0867776966248259,0.01909914807491768,0.8965786299725467,False,False,-0.040200712581393905,False,False
EURUSD,M5,harami,alta,londres,contra,2031,0.5164943377646479,0.49475034999839107,0.5381760481293679,0.53475935828877,0.9527102319578528,-0.03571428571428571,-0.0958904109589041,0.02299412915851272,0.8753060667326503,False,False,-0.018265020524122044,False,False
EURUSD,M5,divergencia_rsi,alta,londres,contra,1125,0.5093333333333333,0.48013897463830807,0.5384641691742328,0.53475935828877,0.9589398461580604,-0.037785588752196834,-0.11159929701230228,0.043936731107205626,0.8184646227749709,False,False,-0.025426024955436666,False,False
EURUSD,M5,estrela,baixa,asia,contra,1280,0.5078125,0.4804421335510737,0.5351361139518317,0.53475935828877,0.9749655792622206,-0.03843197540353574,-0.11222136817832437,0.03766333589546503,0.8387601666592245,False,False,-0.02694685828876997,False,False
EURUSD,M5,harami,baixa,londres_ny,contra,1520,0.5019736842105263,0.4768645988255764,0.5270728186565832,0.53475935828877,0.9951419657849763,-0.03878168809424645,-0.1043993891001785,0.03176911766168217,0.8614093629397259,False,False,-0.03278567407824362,False,False
EURUSD,M5,rompimento,baixa,asia,contra,3218,0.4894344313238036,0.4721859019619333,0.5067081557162213,0.53475935828877,0.9999998800369332,-0.03889739663093415,-0.08575803981623277,0.011638591117917305,0.9437515630573745,False,False,-0.04532492696496637,False,False
EURUSD,M5,cruzamento_emas,alta,asia,contra,2494,0.49438652766639934,0.47478828791815786,0.5140020334606777,0.53475935828877,0.9999751673079793,-0.03924646781789639,-0.09105180533751962,0.014913657770800628,0.9214131086442687,False,False,-0.040372830622370626,False,False
EURUSD,M5,inside_bar,baixa,asia,a_favor,8953,0.48330168658550204,0.47295984725102447,0.49365784924671285,0.53475935828877,1.0,-0.04122691292875989,-0.07025065963060687,-0.011873350923482849,0.9975212359783971,False,False,-0.051457671703267926,False,False
EURUSD,M5,rsi_extremo,baixa,londres_ny,contra,1521,0.5220249835634451,0.4968977238412639,0.5470412703488714,0.53475935828877,0.8464605620187372,-0.04122772743307326,-0.1119376812874189,0.030818132910520372,0.8763587305261391,False,False,-0.012734374725324904,False,False
EURUSD,M5,engolfo,baixa,londres_ny,contra,2502,0.5083932853717026,0.4888063908809729,0.5279544460235955,0.53475935828877,0.996113962594045,-0.04178137298709204,-0.09544091480071579,0.014876591471063539,0.9335980905759206,False,False,-0.026366072917067385,False,False
EURUSD,M5,rompimento,alta,londres_ny,contra,1582,0.47281921618204803,0.4483126837861207,0.4974574311760939,0.53475935828877,0.9999996417000304,-0.042073892779897135,-0.11120197449621541,0.024573326564788615,0.885669760072123,False,False,-0.06194014210672194,False,False
EURUSD,M5,pin_bar,alta,londres_ny,a_favor,1283,0.5027279812938426,0.47540182344066245,0.5300378520935831,0.53475935828877,0.9899913164637432,-0.0431050192579202,-0.11854582316738868,0.035432419769906874,0.866616404643941,False,False,-0.03203137699492742,False,False
EURUSD,M5,divergencia_rsi,baixa,londres,contra,1078,0.5278293135435993,0.4979820048172936,0.5574789867270733,0.53475935828877,0.6869463684985535,-0.043198529411764705,-0.12867647058823528,0.034076286764705505,0.8456979388084607,False,False,-0.0069300447451706715,False,False
EURUSD,M5,engolfo,baixa,londres_ny,a_favor,2751,0.48127953471464924,0.4626476173137865,0.49996366121543506,0.53475935828877,0.9999999912159164,-0.0437090258812167,-0.09468330909790437,0.0072929286159164036,0.950501861789507,False,False,-0.05347982357412073,False,False
EURUSD,M5,rompimento,baixa,ny,contra,1715,0.47463556851311955,0.4510851956333238,0.4982993159203532,0.53475935828877,0.9999997255831147,-0.04477005060665648,-0.10753907446604673,0.020914495244240203,0.9093628664558304,False,False,-0.060123789775650416,False,False
EURUSD,M5,inside_bar,alta,londres_ny,contra,6019,0.506064130254195,0.49343369054763797,0.518686834373882,0.53475935828877,0.9999961197847552,-0.045101622459316607,-0.07883230545303781,-0.01032182192800196,0.9940924046010107,False,False,-0.028695228034574916,False,False
EURUSD,M5,cruzamento_emas,baixa,londres,a_favor,1010,0.47326732673267324,0.4426349901293848,0.5041022442476615,0.53475935828877,0.9999598698441909,-0.04518664047151277,-0.12475442043222004,0.043222003929273084,0.8486549580019783,False,False,-0.06149203155609673,False,False
EURUSD,M5,cruzamento_emas,baixa,asia,contra,2846,0.4968376669009136,0.47848504105966233,0.5151988181093146,0.53475935828877,0.9999764703172126,-0.04540727902946274,-0.09532062391681109,0.005571923743500725,0.9594643549151061,False,False,-0.03792169138785639,False,False
EURUSD,M5,estrela,alta,pos_ny,contra,280,0.5178571428571429,0.45948460282105097,0.5757463322282123,0.53475935828877,0.7348883589586126,-0.045936395759717315,-0.2049469964664311,0.13427561837455831,0.7093540502603353,False,False,-0.016902215431627066,False,False
EURUSD,M5,harami,alta,asia,a_favor,2821,0.49734136830911024,0.47890693643633203,0.5157830310472725,0.53475935828877,0.9999681276644948,-0.04612159329140461,-0.09538784067085954,0.004219077568134029,0.9612352135314438,False,False,-0.03741798997965973,False,False
EURUSD,M5,harami,alta,londres_ny,contra,1712,0.509929906542056,0.4862542496781069,0.5335611008749497,0.53475935828877,0.9813460856693844,-0.04791649732187509,-0.11342645196316978,0.017043829240457692,0.9229093801189558,False,False,-0.024829451746713915,False,False
EURUSD,M5,pinca,baixa,londres,a_favor,1664,0.4729567307692308,0.4490579587764887,0.4969800776783445,0.53475935828877,0.999999802278831,-0.04830053667262969,-0.11449016100178891,0.023255813953488372,0.9215570212219761,False,False,-0.06180262751953919,False,False
EURUSD,M5,cruzamento_emas,baixa,asia,a_favor,1351,0.48926720947446334,0.46267972403863916,0.5159155574895459,0.53475935828877,0.9996311862353987,-0.04862119013062409,-0.1204644412191582,0.023222060957910014,0.9017760980541514,False,False,-0.04549214881430663,False,False
EURUSD,M5,engolfo,alta,londres,contra,3492,0.4888316151202749,0.4722734499191076,0.5054143254223081,0.53475935828877,0.9999999749016983,-0.04927782497875956,-0.09770603228547153,-0.002527612574341662,0.9819919286100808,False,False,-0.04592774316849507,False,False
EURUSD,M5,pin_bar,alta,asia,contra,2582,0.5189775367931836,0.4996916375372992,0.5382070509788537,0.53475935828877,0.9481109737650297,-0.04956157072054899,-0.10331681280975982,0.00533739992375143,0.9654349126545916,False,False,-0.01578182149558638,False,False
EURUSD,M5,doji,alta,londres_ny,a_favor,2366,0.5021132713440406,0.48197934512534757,0.522240346433672,0.53475935828877,0.9993148918596878,-0.0496949428691576,-0.10325362450027435,0.003952406131826435,0.9593674331084618,False,False,-0.03264608694472937,False,False
EURUSD,M5,pin_bar,alta,londres_ny,contra,1485,0.494949494949495,0.46956614889009807,0.520358903296532,0.53475935828877,0.9990257476702115,-0.05120958769359289,-0.12288613425021616,0.019669584844750218,0.9223674524162221,False,False,-0.039809863339275,False,False
EURUSD,M5,estrela,alta,asia,contra,1148,0.5226480836236934,0.4937271059394718,0.5514179959335238,0.53475935828877,0.8030203612110914,-0.051959114139693355,-0.13373083475298125,0.029812606473594547,0.8988763084092519,False,False,-0.012111274665076555,False,False
EURUSD,M5,cruzamento_emas,alta,londres_ny,a_favor,799,0.4881101376720901,0.4535905340714653,0.5227435231807481,0.53475935828877,0.9962718689653463,-0.05284589269364224,-0.14713216957605985,0.042938214052279405,0.8583857588929437,False,False,-0.046649220616679865,False,False
EURUSD,M5,pin_bar,baixa,londres_ny,a_favor,1404,0.47364672364672367,0.44763675714412765,0.4998005060957349,0.53475935828877,0.9999979927721983,-0.0531280471507475,-0.12579879778562383,0.01877931173282683,0.924256925901514,False,False,-0.061112634642046304,False,False
EURUSD,M5,cruzamento_emas,alta,londres,a_favor,997,0.4754262788365095,0.4445811674090934,0.5064600294076956,0.53475935828877,0.9999222692952138,-0.05450941526263627,-0.14073339940535184,0.028741328047571853,0.8926832277494293,False,False,-0.05933307945226046,False,False
EURUSD,M5,harami,alta,asia,contra,2896,0.5124309392265194,0.4942217833181507,0.5306071602715038,0.53475935828877,0.992364226012946,-0.05606523955147808,-0.10397553516819572,-0.00815494393476045,0.9854374838356065,False,False,-0.022328419062250582,False,False
EURUSD,M5,cruzamento_emas,baixa,londres,contra,1941,0.4641937145801133,0.4420997458214893,0.4864291327821752,0.53475935828877,0.9999999997891675,-0.05609382967873534,-0.11575726670066293,0.002039775624681285,0.9625980291295491,False,False,-0.07056564370865664,False,False
EURUSD,M5,pinca,baixa,londres_ny,contra,1258,0.5023847376788553,0.4747900775926563,0.5299648779194311,0.53475935828877,0.9900483602746273,-0.056109314269372386,-0.12836991824939414,0.017188836051906686,0.9242970657404408,False,False,-0.032374620609914695,False,False
EURUSD,M5,rompimento,baixa,londres,a_favor,5572,0.4576453697056712,0.44459778909771364,0.47075131049812935,0.53475935828877,1.0,-0.05659369994660972,-0.09343299519487454,-0.019220501868659905,0.9988325132274699,False,False,-0.07711398858309876,False,False
EURUSD,M5,rsi_extremo,baixa,pos_ny,contra,514,0.5155642023346303,0.4724049307280798,0.5584925567701935,0.53475935828877,0.820385610931343,-0.05714285714285714,-0.17142857142857143,0.06285714285714286,0.8259775565374057,False,False,-0.019195155954139675,False,False
EURUSD,M5,doji,alta,pos_ny,a_favor,1607,0.5189794648413192,0.4945347929688209,0.5433336140466394,0.53475935828877,0.9019738546300425,-0.057194461167971104,-0.127633955448525,0.009677904876580127,0.9527661593217812,False,False,-0.015779893447450788,False,False
EURUSD,M5,tres_velas,alta,asia,contra,599,0.49248747913188645,0.4526266284315641,0.5324440732126026,0.53475935828877,0.9826941993180089,-0.057283142389525366,-0.16530278232405893,0.05564648117839607,0.8449618514117526,False,False,-0.04227187915688352,False,False
EURUSD,M5,rsi_extremo,alta,asia,contra,2437,0.5034878949528109,0.4836471519296454,0.5233176592991077,0.53475935828877,0.9990712753508282,-0.05766129032258065,-0.10970766129032253,-0.0020161290322580645,0.9803313476779855,False,False,-0.03127146333595909,False,False
EURUSD,M5,rsi_extremo,alta,londres,contra,1870,0.5074866310160427,0.4848351059469411,0.5301074602281193,0.53475935828877,0.9914747737923356,-0.057733050847457626,-0.11811440677966102,0.0026483050847457626,0.9640737445125912,False,False,-0.027272727272727226,False,False
EURUSD,M5,cruzamento_emas,baixa,londres_ny,contra,1434,0.5,0.4741558296862469,0.5258441703137531,0.53475935828877,0.9961231770031026,-0.05778270972770086,-0.1294513944951273,0.01359556297405269,0.9428067466404028,False,False,-0.03475935828876997,False,False
EURUSD,M5,doji,alta,londres,a_favor,2957,0.49509638146770374,0.47709374099327256,0.5131117460605493,0.53475935828877,0.9999927805804748,-0.05803421670580342,-0.10734652801073465,-0.009728279100972828,0.988522203532264,False,False,-0.03966297682106623,False,False
EURUSD,M5,doji,alta,asia,contra,4073,0.5045421065553646,0.4891903041335686,0.519885349254901,0.53475935828877,0.999947340898539,-0.05970149253731343,-0.10232908040442944,-0.01636976408281175,0.9971377263894723,False,False,-0.030217251733405392,False,False
EURUSD,M5,rsi_extremo,baixa,asia,contra,2462,0.5121852152721365,0.4924371576822108,0.5318953069153695,0.53475935828877,0.9882195035475726,-0.05980861244019139,-0.11602870813397129,-0.0035885167464114833,0.9842492351873376,False,False,-0.02257414301663352,False,False
EURUSD,M5,pinca,alta,asia,contra,1806,0.5,0.4769644901476328,0.5230355098523671,0.53475935828877,0.9985675265306321,-0.06026058631921824,-0.1237785016286645,0.0016286644951140066,0.9683508402159139,False,False,-0.03475935828876997,False,False
EURUSD,M5,estrela,baixa,londres,contra,842,0.47862232779097386,0.4450544561080614,0.5123843764005831,0.53475935828877,0.9995090415169281,-0.061843640606767794,-0.15985997666277713,0.03617269544924154,0.9031901709262501,False,False,-0.056137030497796114,False,False
EURUSD,M5,doji,alta,londres,contra,3025,0.49619834710743804,0.4783971310842054,0.5140092063511797,0.53475935828877,0.9999900043383386,-0.0618860510805501,-0.11100196463654224,-0.015717092337917484,0.9929993362729737,False,False,-0.03856101118133193,False,False
EURUSD,M5,marubozu,alta,londres_ny,contra,1243,0.48028962188254226,0.452618692192313,0.5080820050347861,0.53475935828877,0.9999462385333338,-0.061964092766954436,-0.14041215032711934,0.013812119969580898,0.9426415809667359,False,False,-0.05446973640622771,False,False
EURUSD,M5,engolfo,alta,asia,contra,4585,0.5038167938931297,0.48934741671646403,0.5182797807611742,0.53475935828877,0.9999872830752319,-0.06197726785331332,-0.103152476946172,-0.024662234612910144,0.9988214364398902,False,False,-0.03094256439564025,False,False
EURUSD,M5,pin_bar,baixa,asia,contra,2609,0.487926408585665,0.46877799987442004,0.5071103190332129,0.53475935828877,0.999999241078226,-0.06483226535996985,-0.1157180550320392,-0.009423294383716547,0.9918274985967848,False,False,-0.046832949703104976,False,False
EURUSD,M5,pinca,alta,londres,contra,1609,0.4996892479801119,0.47528817076147906,0.5240918054943824,0.53475935828877,0.9977601666485575,-0.06539173349784085,-0.13201727328809376,0.0030845157310302285,0.9708229253846615,False,False,-0.03507011030865809,False,False
EURUSD,M5,harami,alta,londres,a_favor,1726,0.4907300115874855,0.4671924867954947,0.5143087081048658,0.53475935828877,0.9998863731563616,-0.0658271322266743,-0.13108185460789926,-0.0022467086433889004,0.9760701641833592,False,False,-0.044029346701284444,False,False
EURUSD,M5,estrela,baixa,londres_ny,a_favor,625,0.4768,0.437904191186221,0.515979256552124,0.53475935828877,0.9983641745659262,-0.06612698825242563,-0.16973195547669348,0.047814405496606344,0.8845626616863099,False,False,-0.05795935828876997,False,False
EURUSD,M5,estrela,baixa,londres_ny,contra,665,0.45263157894736844,0.4151803016085,0.49062697279239914,0.53475935828877,0.9999905965740343,-0.066691668619748,-0.17352433970529244,0.03765232633926593,0.8933659543855981,False,False,-0.08212777934140153,False,False
EURUSD,M5,marubozu,alta,londres,contra,1666,0.4969987995198079,0.47302440663951534,0.5209870008823325,0.53475935828877,0.9990676294110036,-0.066746126340882,-0.13294100119189503,0.0029797377830750892,0.9753899853176551,False,False,-0.03776055876896206,False,False
EURUSD,M5,doji,alta,asia,a_favor,4504,0.49955595026642985,0.48496033698121926,0.5141523203656418,0.53475935828877,0.9999989624595149,-0.0668112798264642,-0.10845986984815618,-0.025813449023861172,0.9994506458970124,False,False,-0.03520340802234012,False,False
EURUSD,M5,engolfo,baixa,asia,a_favor,4595,0.4807399347116431,0.4663158728752857,0.4951961728029776,0.53475935828877,0.9999999999998972,-0.06695187165775401,-0.10545454545454545,-0.02650802139037442,0.9995060167413876,False,False,-0.05401942357712686,False,False
EURUSD,M5,rompimento,alta,asia,contra,2860,0.486013986013986,0.46772757211755156,0.50433792063045,0.53475935828877,0.9999999186839408,-0.06910708176530961,-0.11837153609305508,-0.01881628463906945,0.9964249418715018,False,False,-0.04874537227478398,False,False
EURUSD,M5,estrela,baixa,pos_ny,contra,298,0.46308724832214765,0.4073025545149873,0.519811500373447,0.53475935828877,0.9943796343719498,-0.06930693069306931,-0.22772277227722773,0.0891089108910891,0.8069280332464266,False,False,-0.07167210996662232,False,False
EURUSD,M5,cruzamento_emas,alta,asia,a_favor,1552,0.48582474226804123,0.461024908193155,0.5106945753374155,0.53475935828877,0.9999488416756199,-0.07034220532319392,-0.14258555133079848,-0.0019011406844106464,0.9778835772040264,False,False,-0.04893461602072874,False,False
EURUSD,M5,inside_bar,alta,londres,contra,6982,0.5005729017473504,0.48884770559982915,0.512297467826616,0.53475935828877,0.9999999950463471,-0.07103360272224585,-0.10293492131008082,-0.038706933219906425,0.9999913673604603,False,False,-0.03418645654141961,False,False
EURUSD,M5,rompimento,baixa,londres_ny,a_favor,4390,0.45261958997722096,0.43794334866081613,0.4673786790229834,0.53475935828877,1.0,-0.07111934266402142,-0.11282778179297213,-0.02995814449185534,0.9996806684572206,False,False,-0.08213976831154901,False,False
EURUSD,M5,harami,alta,ny,contra,1409,0.5188076650106459,0.4927031068912112,0.544809948568132,0.53475935828877,0.8900662487769099,-0.07143974413061324,-0.14434412145291844,0.001892942624654574,0.974232808623922,False,False,-0.01595169327812407,False,False
EURUSD,M5,marubozu,alta,londres,a_favor,1678,0.4541120381406436,0.43042144804442994,0.4780122517003814,0.53475935828877,0.9999999999840444,-0.07147076196101594,-0.13880685174246898,-0.005906674542232723,0.9829152049438192,False,False,-0.08064732014812637,False,False
EURUSD,M5,inside_bar,alta,asia,a_favor,9985,0.47881822734101154,0.469029880430112,0.4886228662128464,0.53475935828877,1.0,-0.07197006990253027,-0.09825735945653244,-0.04508467067047361,0.9999999137758065,False,False,-0.05594113094775843,False,False
EURUSD,M5,engolfo,baixa,ny,a_favor,2312,0.4666955017301038,0.4464318687499941,0.4870696240169494,0.53475935828877,0.9999999999751469,-0.07205471130154689,-0.1289874352209637,-0.017380504369148845,0.9941695199324538,False,False,-0.06806385655866615,False,False
EURUSD,M5,cruzamento_emas,alta,londres,contra,1886,0.4724284199363733,0.4499760213134355,0.4949929074215186,0.53475935828877,0.9999999736018551,-0.07244094488188976,-0.13700787401574804,-0.009448818897637795,0.9886365430556513,False,False,-0.06233093835239667,False,False
EURUSD,M5,tres_velas,alta,pos_ny,a_favor,229,0.4585152838427948,0.3951948717663091,0.5232045400212993,0.53475935828877,0.9912562019518985,-0.07296137339055794,-0.24034334763948498,0.0944206008583691,0.7882162141814633,False,False,-0.0762440744459752,False,False
EURUSD,M5,doji,alta,pos_ny,contra,1414,0.5297029702970297,0.5036425229815089,0.5556024648677447,0.53475935828877,0.6584908683446766,-0.07692307692307693,-0.1484002722940776,-0.005445881552076242,0.9832725393467011,False,False,-0.005056387991740241,False,False
EURUSD,M5,pinca,alta,asia,a_favor,2097,0.4907010014306152,0.46934101900124325,0.512094990919328,0.53475935828877,0.9999756157213084,-0.07757404795486601,-0.1368476727785613,-0.021156558533145273,0.9950805871172492,False,False,-0.04405835685815479,False,False
EURUSD,M5,cruzamento_emas,baixa,ny,contra,1567,0.4913848117421825,0.46668365252960453,0.5161281074679511,0.53475935828877,0.9997331260534383,-0.07780833784172715,-0.14338400524501171,-0.010735073527940458,0.9877832935683882,False,False,-0.043374546546587456,False,False
EURUSD,M5,harami,baixa,asia,a_favor,2410,0.48132780082987553,0.46142504439573234,0.5012899882460674,0.53475935828877,0.9999999323266635,-0.07795918367346939,-0.13309183673469382,-0.02163265306122449,0.9973212110911563,False,False,-0.05343155745889444,False,False
EURUSD,M5,tres_velas,alta,londres_ny,a_favor,510,0.4823529411764706,0.4392797827402781,0.5256899570675774,0.53475935828877,0.9921124532137264,-0.07842508278677932,-0.19732945726433884,0.04296875,0.899813297976143,False,False,-0.052406417112299375,False,False
EURUSD,M5,marubozu,baixa,londres_ny,contra,1219,0.47908121410992616,0.45114720222313054,0.5071466553884814,0.53475935828877,0.9999557899077297,-0.0789416441062652,-0.15593109082338563,-0.006031215508292458,0.9770374186238995,False,False,-0.055678144178843814,False,False
EURUSD,M5,rompimento,alta,londres,a_favor,5333,0.45734108381773864,0.44400612179748816,0.4707374576191387,0.53475935828877,1.0,-0.0811664190193165,-0.11684156760772657,-0.04493406389301642,0.999991556740108,False,False,-0.07741827447103133,False,False
EURUSD,M5,engolfo,baixa,pos_ny,contra,1178,0.47368421052631576,0.44530298379023125,0.502236511006417,0.53475935828877,0.9999880771120275,-0.08208955223880597,-0.16169154228855723,-0.0024875621890547263,0.9802535312745548,False,False,-0.06107514776245421,False,False
EURUSD,M5,divergencia_rsi,baixa,londres_ny,contra,815,0.5042944785276073,0.4700289320136666,0.5385197313748256,0.53475935828877,0.9622491473599519,-0.08230360664371074,-0.17693849715386123,0.007768155497243141,0.9558601625185948,False,False,-0.030464879761162633,False,False
EURUSD,M5,rompimento,alta,londres_ny,a_favor,4234,0.4520547945205479,0.4371137754181476,0.46708273501172065,0.53475935828877,1.0,-0.08469221275181957,-0.12536145656844003,-0.04361357090667656,0.9999683271114427,False,False,-0.08270456376822205,False,False
EURUSD,M5,rsi_extremo,alta,londres_ny,contra,1552,0.523840206185567,0.4989647355636425,0.5485979512258529,0.53475935828877,0.8127232327276789,-0.08472294014023757,-0.15052293807634745,-0.0161207916060932,0.9924983342560099,False,False,-0.010919152103202934,False,False
EURUSD,M5,piercing_nuvem,baixa,londres_ny,contra,277,0.5270758122743683,0.4683127633513374,0.5850981541926316,0.53475935828877,0.6246744906338357,-0.08602150537634409,-0.24731182795698925,0.07526881720430108,0.8500831996087341,False,False,-0.007683546014401688,False,False
EURUSD,M5,harami,baixa,pos_ny,contra,839,0.5041716328963052,0.4703982421524378,0.5379069971387032,0.53475935828877,0.9648109189195958,-0.08604651162790698,-0.17674418604651163,0.0011627906976744186,0.9659346492274451,False,False,-0.030587725392464793,False,False
EURUSD,M5,estrela,baixa,asia,a_favor,977,0.4872057318321392,0.4559751006378069,0.5185365803528617,0.53475935828877,0.9986857174804273,-0.08761329305135952,-0.1661631419939577,-0.0030211480362537764,0.9770841706830741,False,False,-0.04755362645663075,False,False
EURUSD,M5,pin_bar,baixa,londres_ny,contra,1477,0.5016926201760324,0.47622219438140373,0.527154264300393,0.53475935828877,0.994934088017585,-0.08770288264711464,-0.15625198455799208,-0.016971574921544216,0.992909359900619,False,False,-0.033066738112737526,False,False
EURUSD,M5,engolfo,baixa,asia,contra,4933,0.4907764038110683,0.4768385443918238,0.5047286173736387,0.53475935828877,0.9999999997160961,-0.08786610878661087,-0.12553795576808127,-0.049611476389719064,0.999996689492313,False,False,-0.043982954477701675,False,False
EURUSD,M5,cruzamento_emas,baixa,pos_ny,contra,762,0.48031496062992124,0.44502916436264595,0.5157982371125935,0.53475935828877,0.9988373944162211,-0.08812260536398467,-0.18773946360153257,0.007662835249042145,0.9627443624701313,False,False,-0.05444439765884873,False,False
EURUSD,M5,marubozu,baixa,pos_ny,contra,957,0.4994775339602926,0.46786470969961863,0.531094535875372,0.53475935828877,0.9867372005942404,-0.0898876404494382,-0.1788304392236975,-0.007150153217568948,0.9791039326932546,False,False,-0.035281824328477374,False,False
EURUSD,M5,inside_bar,alta,pos_ny,a_favor,3295,0.5098634294385432,0.49279296781567317,0.5269109193857556,0.53475935828877,0.9980124589187621,-0.09314743399584693,-0.13766686443191928,-0.04509047760308514,0.9999557321149406,False,False,-0.024895928850226734,False,False
EURUSD,M5,marubozu,baixa,londres_ny,a_favor,1336,0.4513473053892216,0.4248408283214373,0.4781327666929879,0.53475935828877,0.9999999995623106,-0.09355091452812285,-0.16315837792069457,-0.02170939064461377,0.9936816794394205,False,False,-0.0834120528995484,False,False
EURUSD,M5,estrela,alta,ny,contra,528,0.4810606060606061,0.43873373991364345,0.5236610684107245,0.53475935828877,0.9940340646606624,-0.0948662519304538,-0.21128251793968097,0.026829567632494215,0.9445296313207417,False,False,-0.05369875222816389,False,False
EURUSD,M5,pin_bar,baixa,asia,a_favor,2252,0.48756660746003555,0.4669610816843355,0.5082144787341367,0.53475935828877,0.9999966790196526,-0.0968586387434555,-0.1518324607329843,-0.039234293193717455,0.9996164131374519,False,False,-0.04719275082873442,False,False
EURUSD,M5,harami,alta,ny,a_favor,1249,0.4811849479583667,0.4535755616999114,0.5089097155320208,0.53475935828877,0.9999329633621269,-0.09765650562340725,-0.17555548746721386,-0.022000642217356172,0.9942618720255787,False,False,-0.05357441033040328,False,False
EURUSD,M5,rompimento,baixa,londres,contra,1889,0.45897300158814186,0.4366072646649969,0.48150526437028185,0.53475935828877,0.9999999999816013,-0.09795704557359874,-0.1608171817705605,-0.03509690937663698,0.9990519372080057,False,False,-0.07578635670062811,False,False
EURUSD,M5,rompimento,baixa,asia,a_favor,7738,0.4666580511760145,0.4555616624486358,0.47778752808379316,0.53475935828877,1.0,-0.09889270714012982,-0.12867506681939672,-0.06643757159221077,0.9999999999024408,False,False,-0.06810130711275547,False,False
EURUSD,M5,inside_bar,baixa,pos_ny,contra,3295,0.49013657056145676,0.47308908061424443,0.5072070321843268,0.53475935828877,0.9999998667948486,-0.1011569267279739,-0.14834618807475522,-0.054857609018095645,0.9999900929982612,False,False,-0.04462278772731321,False,False
EURUSD,M5,tres_velas,baixa,londres,contra,453,0.48344370860927155,0.4377582794629078,0.5294075726935024,0.53475935828877,0.9872606695920677,-0.1019522776572668,-0.23210412147505424,0.021691973969631236,0.9439113090462721,False,False,-0.05131564967949842,False,False
EURUSD,M5,piercing_nuvem,alta,asia,contra,310,0.4870967741935484,0.4319553586485482,0.5425540639431604,0.53475935828877,0.9588645208526401,-0.102803738317757,-0.2523364485981308,0.04696261682242863,0.9092195356422688,False,False,-0.04766258409522156,False,False
EURUSD,M5,marubozu,alta,asia,contra,2560,0.48984375,0.47050887535097247,0.5092090593048162,0.53475935828877,0.9999975591624483,-0.10723860589812333,-0.15894293374186136,-0.055505553427805596,0.9999666683270354,False,False,-0.04491560828876995,False,False
EURUSD,M5,rompimento,alta,londres,contra,1777,0.4637028700056275,0.44061999251011114,0.4869423408121229,0.53475935828877,0.9999999991254972,-0.10734149054505006,-0.16740823136818686,-0.042269187986651836,0.9995370628442768,False,False,-0.07105648828314248,False,False
EURUSD,M5,pinca,baixa,pos_ny,contra,616,0.5081168831168831,0.4687096767861179,0.5474234809071832,0.53475935828877,0.9139435693126173,-0.10759493670886076,-0.2120253164556962,-0.0031645569620253164,0.9754055271571209,False,False,-0.026642475171886892,False,False
EURUSD,M5,divergencia_rsi,alta,londres_ny,contra,842,0.49287410926365793,0.4592142463605902,0.5265986978089578,0.53475935828877,0.9932140610668251,-0.10788740281386819,-0.19850645249461846,-0.014496172824161704,0.9891677107421732,False,False,-0.04188524902511204,False,False
EURUSD,M5,cruzamento_emas,baixa,ny,a_favor,887,0.4588500563697858,0.4263048516825566,0.4917501520701446,0.53475935828877,0.9999974328467403,-0.10802923707388544,-0.1977661960594924,-0.019386660169416477,0.9907742573333213,False,False,-0.07590930191898415,False,False
EURUSD,M5,divergencia_rsi,alta,ny,contra,740,0.5054054054054054,0.46944786735655336,0.5413071126262555,0.53475935828877,0.949145939767059,-0.10873435331632571,-0.20779957577319608,-0.004596659827875196,0.9852777344630794,False,False,-0.02935395288336462,False,False
EURUSD,M5,marubozu,alta,asia,a_favor,2870,0.478397212543554,0.46016269433280244,0.49668948357025955,0.53475935828877,0.9999999993322424,-0.10989010989010989,-0.1614010989010989,-0.06043956043956044,0.9999921670744036,False,False,-0.056362145745215975,False,False
EURUSD,M5,rompimento,alta,pos_ny,a_favor,2418,0.46732837055417703,0.44750929192922645,0.4872510948729148,0.53475935828877,0.9999999999860784,-0.11124546553808948,-0.1656590084643289,-0.056831922611850064,0.9999729639435627,False,False,-0.06743098773459294,False,False
EURUSD,M5,marubozu,baixa,asia,a_favor,2722,0.4662013225569434,0.4475216744774266,0.4849762338640197,0.53475935828877,0.9999999999996486,-0.1122338505954529,-0.16528329123060267,-0.06134969325153374,0.9999916894451191,False,False,-0.06855803573182656,False,False
EURUSD,M5,engolfo,alta,pos_ny,a_favor,1301,0.46963873943120676,0.44264869818028363,0.49680754804337657,0.53475935828877,0.999998875332291,-0.11300120505478903,-0.18064591962894233,-0.03845489593476968,0.9986759670019204,False,False,-0.0651206188575632,False,False
EURUSD,M5,pinca,alta,pos_ny,a_favor,573,0.4816753926701571,0.4410218637113096,0.5225729860019327,0.53475935828877,0.9951458600876881,-0.11317567567567567,-0.2195945945945946,-0.006756756756756757,0.9775486359347647,False,False,-0.053083965618612894,False,False
EURUSD,M5,engolfo,alta,londres_ny,contra,2670,0.4835205992509363,0.46460276494285363,0.5024857848626337,0.53475935828877,0.9999999480398781,-0.11476109759684217,-0.16352910552698458,-0.062148264053201424,0.9999932504406532,False,False,-0.05123875903783365,False,False
EURUSD,M5,marubozu,baixa,asia,contra,2929,0.4660293615568453,0.44801998099566165,0.4841277321371108,0.53475935828877,0.999999999999958,-0.11575777852124457,-0.16395951823352287,-0.06253763800602222,0.9999980583766961,False,False,-0.06872999673192465,False,False
EURUSD,M5,rompimento,baixa,londres_ny,contra,1442,0.47295423023578365,0.4472911475878631,0.4987610287941719,0.53475935828877,0.9999988466175147,-0.11780333440339247,-0.18953325849249325,-0.05095182862765866,0.9994984553352243,False,False,-0.061805128052986325,False,False
EURUSD,M5,pin_bar,alta,londres,a_favor,1771,0.4810841332580463,0.4578801590508767,0.5043699902979455,0.53475935828877,0.9999972635323202,-0.12060301507537688,-0.18257956448911222,-0.05695142378559464,0.9999037661111867,False,False,-0.053675225030723694,False,False
EURUSD,M5,rompimento,alta,asia,a_favor,8060,0.46687344913151363,0.4560001220894412,0.4777783378757061,0.53475935828877,1.0,-0.12223714739284405,-0.15117841006227867,-0.09292038099890101,0.9999999999999997,False,False,-0.06788590915725634,False,False
EURUSD,M5,pin_bar,alta,ny,contra,1593,0.5109855618330195,0.4864412721466834,0.5354769964495293,0.53475935828877,0.9729574180961302,-0.12260323521659279,-0.18584150905140948,-0.051147034137508034,0.9998529125545541,False,False,-0.023773796455750507,False,False
EURUSD,M5,pinca,alta,ny,contra,1402,0.5078459343794579,0.4816910546713109,0.5339579360893221,0.53475935828877,0.97959855034601,-0.12300771656591486,-0.19507360276667784,-0.05012651935664039,0.9996626370036896,False,False,-0.026913423909312062,False,False
EURUSD,M5,engolfo,alta,asia,a_favor,4856,0.4728171334431631,0.4588019273172393,0.4868753129308277,0.53475935828877,1.0,-0.12380759082606048,-0.16277653744672213,-0.08482342196062521,0.9999999998968556,False,False,-0.06194222484560685,False,False
EURUSD,M5,pin_bar,alta,asia,a_favor,2659,0.4798796540052651,0.4609331447422288,0.49888421515144366,0.53475935828877,0.999999993438104,-0.12527716186252771,-0.17516629711751663,-0.07427937915742794,0.9999990708343421,False,False,-0.05487970428350486,False,False
EURUSD,M5,cruzamento_emas,alta,pos_ny,contra,979,0.4933605720122574,0.46213017545002166,0.5246428692935337,0.53475935828877,0.9956791895529997,-0.13175992327362349,-0.2135472254899835,-0.04702619000620738,0.9989141575653478,False,False,-0.041398786276512556,False,False
EURUSD,M5,pin_bar,baixa,pos_ny,contra,754,0.48408488063660476,0.4485852282603721,0.5197458788324659,0.53475935828877,0.9976173577731567,-0.133419689119171,-0.2266839378238342,-0.04015544041450777,0.9967082228390175,False,False,-0.050674477652165206,False,False
EURUSD,M5,piercing_nuvem,alta,londres,contra,323,0.47987616099071206,0.42594981699870343,0.5342755471674385,0.53475935828877,0.978867743330606,-0.13496932515337423,-0.29141104294478526,0.02147239263803681,0.9628448649172263,False,False,-0.054883197298057906,False,False
EURUSD,M5,engolfo,alta,pos_ny,contra,1123,0.4790739091718611,0.4499772039650226,0.5083132905565507,0.53475935828877,0.9999169546933289,-0.13577023498694518,-0.20894255874673617,-0.0573759791122719,0.9996333695548164,False,False,-0.05568544911690887,False,False
EURUSD,M5,piercing_nuvem,baixa,londres,a_favor,245,0.43673469387755104,0.37607929542671686,0.49934339279045264,0.53475935828877,0.9991450250072195,-0.13765182186234817,-0.3076923076923077,0.032388663967611336,0.9434580285082578,False,False,-0.09802466441121893,False,False
EURUSD,M5,estrela,alta,asia,a_favor,1093,0.4592863677950595,0.4299367924330226,0.4889211251955731,0.53475935828877,0.9999997483447698,-0.1393884892086331,-0.21762589928057555,-0.05575539568345324,0.9996802278440953,False,False,-0.07547299049371048,False,False
EURUSD,M5,inside_bar,alta,ny,contra,6045,0.4899917287014061,0.47740027539537444,0.5025958939828868,0.53475935828877,0.9999999999985392,-0.14173785307104844,-0.1776606822688069,-0.10787134466337746,0.9999999999999999,False,False,-0.044767629587363855,False,False
EURUSD,M5,doji,baixa,pos_ny,contra,1607,0.48102053515868076,0.4566663859533606,0.505465207031179,0.53475935828877,0.9999927991368343,-0.14208308248043347,-0.20710415412402167,-0.07706201083684527,0.999989685614624,False,False,-0.05373882313008921,False,False
EURUSD,M5,marubozu,baixa,ny,a_favor,1737,0.47092688543465744,0.44754310008615333,0.4944389801956312,0.53475935828877,0.999999955875925,-0.1433470808771854,-0.2051323545883068,-0.07750045802522454,0.999995330834354,False,False,-0.06383247285411253,False,False
EURUSD,M5,estrela,baixa,pos_ny,a_favor,242,0.4628099173553719,0.4010599499146483,0.5257221311617237,0.53475935828877,0.9894277625881133,-0.14634146341463414,-0.3170731707317073,0.024390243902439025,0.9540631092196722,False,False,-0.07194944093339806,False,False
EURUSD,M5,harami,alta,pos_ny,a_favor,667,0.4992503748125937,0.46141845432267803,0.5370908805032316,0.53475935828877,0.9696533988112707,-0.1511111111111111,-0.25333333333333335,-0.04888888888888889,0.9980924766183495,False,False,-0.03550898347617626,False,False
EURUSD,M5,marubozu,alta,pos_ny,contra,894,0.5111856823266219,0.47844066415860137,0.5438349835111663,0.53475935828877,0.9259035186218905,-0.15442764578833693,-0.2386609071274298,-0.06695464362850972,0.9997373945094539,False,False,-0.0235736759621481,False,False
EURUSD,M5,piercing_nuvem,alta,londres_ny,a_favor,210,0.49523809523809526,0.428311604646329,0.562335672027569,0.53475935828877,0.8881695492483305,-0.15517034414887443,-0.33183371191979455,0.016425345438863776,0.9522283747076307,False,False,-0.039521263050674715,False,False
EURUSD,M5,tres_velas,alta,asia,a_favor,1077,0.4596100278551532,0.4300423548399654,0.4894648038742038,0.53475935828877,0.9999996605708379,-0.15625,-0.23345588235294118,-0.07628676470588236,0.9999292859704744,False,False,-0.07514933043361677,False,False
EURUSD,M5,doji,alta,ny,contra,2986,0.49464166108506363,0.476727262289732,0.5125698290641948,0.53475935828877,0.9999947792409416,-0.15683444975313934,-0.2039311006769345,-0.10842127590280799,0.9999999999178353,False,False,-0.04011769720370634,False,False
EURUSD,M5,rompimento,baixa,pos_ny,contra,676,0.45710059171597633,0.41989583083081716,0.4947901606640067,0.53475935828877,0.999977531118476,-0.1591240875912409,-0.25547445255474455,-0.058394160583941604,0.9989537203070764,False,False,-0.07765876657279364,False,False
EURUSD,M5,marubozu,alta,pos_ny,a_favor,965,0.46321243523316064,0.431959158414842,0.49475743762510915,0.53475935828877,0.9999962906436757,-0.16096579476861167,-0.2454728370221328,-0.079476861167002,0.9999125269103615,False,False,-0.07154692305560933,False,False
EURUSD,M5,rsi_extremo,alta,ny,contra,978,0.5081799591002045,0.47687711745730116,0.539418792494615,0.53475935828877,0.9551891594754893,-0.16103076356526563,-0.24168503763600566,-0.0763533072663957,0.9999164879419327,False,False,-0.026579399188565445,False,False
EURUSD,M5,divergencia_rsi,alta,asia,a_favor,316,0.5063291139240507,0.45146120088452457,0.5610449952000877,0.53475935828877,0.8575713272842898,-0.165625,-0.315625,-0.025,0.9857610861171517,False,False,-0.028430244364719304,False,False
EURUSD,M5,doji,alta,ny,a_favor,2774,0.4823359769286229,0.4637783572070876,0.5009424515745607,0.53475935828877,0.9999999854207702,-0.16607081687216907,-0.21492523387546703,-0.11878919847524028,0.9999999999698443,False,False,-0.05242338136014707,False,False
EURUSD,M5,rompimento,baixa,ny,a_favor,3824,0.44142259414225943,0.4257508586608449,0.4572119012079971,0.53475935828877,1.0,-0.1695439472848034,-0.21090549126202213,-0.1284091179609716,0.9999999999999979,False,False,-0.09333676414651054,False,False
EURUSD,M5,inside_bar,alta,ny,a_favor,5947,0.4873045232890533,0.4746131503969584,0.5000122868550829,0.53475935828877,0.9999999999998928,-0.1705489374216424,-0.20352760070250384,-0.13731962354075447,1.0,False,False,-0.047454834999716644,False,False
EURUSD,M5,estrela,alta,pos_ny,a_favor,243,0.4732510288065844,0.4113804582277621,0.5359541586469371,0.53475935828877,0.9763843876535662,-0.1728395061728395,-0.3333333333333333,0.0,0.97699328087516,False,False,-0.0615083294821856,False,False
EURUSD,M5,harami,baixa,pos_ny,a_favor,650,0.46307692307692305,0.4250729053075511,0.5015148028402688,0.53475935828877,0.9998912422451639,-0.17567567567567569,-0.27927927927927926,-0.07207207207207207,0.9996202077016374,False,False,-0.07168243521184692,False,False
EURUSD,M5,tres_velas,baixa,pos_ny,a_favor,213,0.4647887323943662,0.3990249864353211,0.5318000500610277,0.53475935828877,0.9827152462674043,-0.17674418604651163,-0.34418604651162793,0.004651162790697674,0.9726251911132864,False,False,-0.06997062589440378,False,False
EURUSD,M5,estrela,alta,ny,a_favor,466,0.5021459227467812,0.4569179660129719,0.547338789031634,0.53475935828877,0.9274407479300361,-0.1789489390072106,-0.30316715801126903,-0.05844153943004357,0.9981204517617687,False,False,-0.03261343554198881,False,False
EURUSD,M5,pinca,alta,ny,a_favor,1332,0.46546546546546547,0.4388159180990728,0.49231363369577913,0.53475935828877,0.999999820782184,-0.17926568161211942,-0.24965172431965857,-0.1094785761617637,0.999999547867358,False,False,-0.0692938928233045,False,False
EURUSD,M5,marubozu,alta,ny,a_favor,1719,0.45200698080279234,0.42861279290846344,0.4756151909520223,0.53475935828877,0.999999999997255,-0.1805501493351753,-0.2463160437202783,-0.11912008929599116,0.999999990953547,False,False,-0.08275237748597764,False,False
EURUSD,M5,pin_bar,alta,pos_ny,a_favor,756,0.4642857142857143,0.42900522888574594,0.49992731437951593,0.53475935828877,0.9999548640811555,-0.18076923076923077,-0.28076923076923077,-0.08461538461538462,0.999913822361209,False,False,-0.07047364400305567,False,False
EURUSD,M5,engolfo,alta,ny,a_favor,2273,0.4799824021117466,0.4594949184488925,0.5005374326630141,0.53475935828877,0.9999999235219029,-0.18394891045322978,-0.2374658325058092,-0.12924009089422672,0.9999999999766347,False,False,-0.054776956177023384,False,False
EURUSD,M5,tres_velas,alta,ny,contra,209,0.46411483253588515,0.3977603353885958,0.5317646731172114,0.53475935828877,0.9827525063701682,-0.1895734597156398,-0.36018957345971564,-0.004739336492890996,0.979794748238772,False,False,-0.07064452575288482,False,False
EURUSD,M5,cruzamento_emas,alta,ny,a_favor,867,0.47750865051903113,0.44443288526127883,0.5107828436122472,0.53475935828877,0.9996737610765208,-0.19795221843003413,-0.2901023890784983,-0.10921501706484642,0.9999943899264274,False,False,-0.05725070776973884,False,False
EURUSD,M5,tres_velas,alta,ny,a_favor,316,0.4240506329113924,0.37079475980827076,0.4791308871763836,0.53475935828877,0.9999680860078745,-0.19885106174522596,-0.33646661825550206,-0.049783646826332136,0.9963333046093646,False,False,-0.11070872537737758,False,False
EURUSD,M5,cruzamento_emas,alta,pos_ny,a_favor,508,0.49015748031496065,0.4469234789976678,0.5335392212629939,0.53475935828877,0.9801887724792899,-0.19922630560928434,-0.3152804642166344,-0.08317214700193423,0.9996500151696018,False,False,-0.04460187797380932,False,False
EURUSD,M5,doji,baixa,pos_ny,a_favor,1414,0.47029702970297027,0.4443975351322553,0.49635747701849103,0.53475935828877,0.9999994665334324,-0.19945541184479237,-0.26480599046970726,-0.13206262763784887,0.9999999948598979,False,False,-0.0644623285857997,False,False
EURUSD,M5,tres_velas,alta,londres,a_favor,693,0.443001443001443,0.406432638044413,0.4801986767259562,0.53475935828877,0.9999994535007667,-0.2017167381974249,-0.296137339055794,-0.10718884120171733,0.9999677140242793,False,False,-0.09175791528732696,False,False
EURUSD,M5,rompimento,alta,ny,a_favor,3947,0.45122878135292627,0.4357595018012173,0.46679290279086155,0.53475935828877,1.0,-0.20421287210174585,-0.24565659824242725,-0.1642777412022345,1.0,False,False,-0.0835305769358437,False,False
EURUSD,M5,cruzamento_emas,alta,ny,contra,1519,0.4930875576036866,0.4679948423213354,0.5182151469862433,0.53475935828877,0.9994769188587819,-0.2043342281625786,-0.2671497359251453,-0.1404337808880143,0.9999999993130488,False,False,-0.04167180068508336,False,False
EURUSD,M5,inside_bar,baixa,pos_ny,a_favor,2896,0.46098066298342544,0.4428894713755564,0.47917523346802854,0.53475935828877,0.9999999999999992,-0.20775716694772345,-0.2523018549747048,-0.16020236087689713,1.0,False,False,-0.07377869530534453,False,False
EURUSD,M5,marubozu,alta,ny,contra,1728,0.4693287037037037,0.44589244331723377,0.49290103026539944,0.53475935828877,0.9999999773187148,-0.20900898459980377,-0.26931034413566785,-0.14791409005495487,0.9999999999794138,False,False,-0.06543065458506625,False,False
EURUSD,M5,rompimento,alta,pos_ny,contra,1048,0.48950381679389315,0.4593323683377308,0.519751932042798,0.53475935828877,0.9984837401432463,-0.21032827841243137,-0.2942137510469392,-0.1304446002501525,0.9999998900696825,False,False,-0.045255541494876816,False,False
EURUSD,M5,cruzamento_emas,baixa,pos_ny,a_favor,603,0.4593698175787728,0.4199763059070564,0.4992777277655535,0.53475935828877,0.9999104364238305,-0.2107843137254902,-0.3088235294117647,-0.10784313725490197,0.9999553737158552,False,False,-0.07538954070999715,False,False
EURUSD,M5,rompimento,baixa,pos_ny,a_favor,1404,0.46438746438746437,0.43843271063898687,0.49053656400947593,0.53475935828877,0.999999943645871,-0.21338912133891214,-0.28451882845188287,-0.14435146443514643,0.9999999994042202,False,False,-0.0703718939013056,False,False
EURUSD,M5,engolfo,baixa,pos_ny,a_favor,1060,0.439622641509434,0.4100142108793113,0.46966710917199356,0.53475935828877,0.9999999997700987,-0.21787709497206703,-0.29608938547486036,-0.1424581005586592,0.9999999629719623,False,False,-0.095136716779336,False,False
EURUSD,M5,divergencia_rsi,baixa,pos_ny,contra,353,0.46175637393767704,0.4104407396037461,0.5138954065121485,0.53475935828877,0.9974391763663225,-0.22714681440443213,-0.3601108033240997,-0.08587257617728532,0.9994400119509892,False,False,-0.07300298435109293,False,False
EURUSD,M5,pin_bar,alta,ny,a_favor,1493,0.4768921634293369,0.4516487539180078,0.502254179760511,0.53475935828877,0.999996633466343,-0.22860941580610825,-0.2919234113562826,-0.16288355103041136,0.9999999999928884,False,False,-0.05786719485943309,False,False
EURUSD,M5,engolfo,alta,ny,contra,2318,0.4685073339085418,0.44826205377521716,0.4888568225178453,0.53475935828877,0.9999999999251589,-0.2293128101461899,-0.28107631337954325,-0.1760374425273358,1.0,False,False,-0.06625202438022815,False,False
EURUSD,M5,rompimento,alta,ny,contra,1782,0.4708193041526375,0.4477317342082619,0.4940324131709361,0.53475935828877,0.99999997129916,-0.23670024960558425,-0.2963003597369099,-0.1759389160649023,0.9999999999999905,False,False,-0.06394005413613246,False,False
EURUSD,M5,estrela,alta,londres,a_favor,717,0.43375174337517436,0.3979244239118873,0.47028515416174177,0.53475935828877,0.9999999752654273,-0.23756906077348067,-0.3328729281767956,-0.14226519337016574,0.9999993804532876,False,False,-0.10100761491359561,False,False
EURUSD,M5,marubozu,baixa,pos_ny,a_favor,760,0.43157894736842106,0.39679673663813797,0.467049354983326,0.53475935828877,0.9999999950477373,-0.25,-0.33549222797927464,-0.1489637305699482,0.9999999400072259,False,False,-0.10318041092034891,False,False
EURUSD,M5,pinca,baixa,pos_ny,a_favor,509,0.4656188605108055,0.42270410260377217,0.5090486849331707,0.53475935828877,0.9992302968726876,-0.25287356321839083,-0.3563218390804598,-0.1492816091954031,0.9999947212496407,False,False,-0.0691404977779645,False,False
EURUSD,M5,pin_bar,baixa,pos_ny,a_favor,711,0.44022503516174405,0.40415439796705543,0.4769381170918384,0.53475935828877,0.9999998156476317,-0.26859504132231404,-0.3596074380165288,-0.16942148760330578,0.9999999859547897,False,False,-0.09453432312702592,False,False
